Species,Treatment,SpxTr,Week,SpxTrxWk,ID,HL,FL,IL,CL,OL,IL_res,CL_res,OL_res,,COUPLER LINK,Maylandia,pvalue t.test,Tropheops,pvalue t.test,Labeotropheus,pvalue t.test,,,Coupler Link,Slope,,Y-intercept,,,,,,,,,,,
Maylandia,Benthic,May_B,1wk,May_B1,1,2112.888,1742.628,1340.181,1338.54,144.347,2.508679778,17.98025322,-10.88707596,,,wk1,0.8589,wk1,0.9903,wk1,0.5727,,,,Benthic,Pelagic,Benthic,Pelagic,,Slopes,Coupler Link,,Output Link,,Input Link,,Fixed Link,
Maylandia,Benthic,May_B,1wk,May_B1,2,2053.175,1619.413,1272.871,1330.435,140.812,-24.25124948,51.82389211,-9.17293976,,,wk2,0.2413,wk2,0.9303,wk2,0.04685,,,Labeotropheus,0.6074,0.603,-55.231,-51.58,,,Benthic,Pelagic,Benthic,Pelagic,Benthic,Pelagic,Benthic,Pelagic
Maylandia,Benthic,May_B,1wk,May_B1,3,2009.706,1600.461,1164.027,1262.014,148.297,-103.5761996,13.94005125,2.133249958,,,wk4,0.2766,wk4,0.5053,wk4,0.02601,,,Tropheops,0.6092,0.6369,-30.025,-89.162,,Labeotropheus,0.6074,0.603,0.0756,0.0315,0.681,0.62,0.709,0.717
Maylandia,Benthic,May_B,1wk,May_B1,4,2011.316,1612.759,1140.151,1306.3,138.058,-128.5455229,57.09501934,-8.247278843,,,wk8,0.04212,wk8,0.3746,wk8,0.513,,,Maylandia,0.6289,0.7814,35.695,-251.95,,Tropheops,0.6092,0.6369,0.0668,0.0657,0.587,0.668,0.815,0.814
Maylandia,Benthic,May_B,1wk,May_B1,5,1889.804,1528.844,1207.207,1228.041,133.462,21.02718529,64.19872107,-2.161634337,,,,,,,,,,,,,,,,,Maylandia,0.6289,0.7814,0.0786,0.1326,0.761,0.761,0.747,0.839
Maylandia,Benthic,May_B,1wk,May_B1,6,2016.978,1593.809,1224.204,1379.171,189.061,-48.33748967,125.98844,42.25799689,,Slopes (pvalue),,May:Tro,May:Lab,Tro:Lab,,,,,Output Link,Slope,,Y-intercept,,,,,,,,,,,
Maylandia,Benthic,May_B,1wk,May_B1,7,2022.044,1562.122,1179.288,1248.41,138.924,-96.69372309,-8.331446722,-8.32433535,,,Pelagic,0.0036,0.002,0.7669,,,,,,Benthic,Pelagic,Benthic,Pelagic,,,,,,,,,,
Maylandia,Pelagic,May_P,1wk,May_P1,1,2213.045,1778.355,1347.902,1374.409,165.469,-57.78521539,-16.51146931,1.430514028,,,Benthic,0.8837,0.8475,0.9987,,,,,Labeotropheus,0.0756,0.0315,-26.909,47.119,,Interactions,Coupler Link,,Output Link,,Input Link,,Fixed Link,
Maylandia,Pelagic,May_P,1wk,May_P1,2,2085.662,1676.577,1270.102,1376.176,167.726,-49.08161213,74.74263512,14.88525517,,,,Maylandia,Tropheops,Labeotropheus,,,,,Tropheops,0.0668,0.0657,12.21,5.7334,,,Benthic,Pelagic,Benthic,Pelagic,Benthic,Pelagic,Benthic,Pelagic
Maylandia,Pelagic,May_P,1wk,May_P1,3,1562.442,1268.047,940.691,1012.373,90.796,-23.18291385,78.50393165,-16.05052171,,,Ben:Pel,0.0074,N/S,N/S,,,,,Maylandia,0.0786,0.1326,-0.9529,-125.33,,Labeo:Troph,0.9987,0.7669,0.86,0.2124,0.1301,0.017,0.0008,0.0184
Maylandia,Pelagic,May_P,1wk,May_P1,4,1728.714,1414.621,1082.194,1166.885,125.634,5.407632208,116.2091377,4.171157301,,,,,,,,,,,,,,,,,Labeo:May,0.8475,0.002,0.9849,1.00E-04,0.093,0.625,0.4209,0.0031
Maylandia,Pelagic,May_P,1wk,May_P1,5,1896.325,1561.333,1184.841,1232.131,106.283,-5.767113596,63.70769057,-29.91386993,,,,,,,,,,,Input Link,Slope,,Y-intercept,,,May:Troph,0.8837,0.0036,0.8157,0.001,0.0013,0.0954,0.0891,0.695
Maylandia,Pelagic,May_P,1wk,May_P1,6,1988.447,1612.92,1216.278,1180.042,120.416,-36.88857854,-53.09740997,-23.87895453,,,,,,,,,,,,Benthic,Pelagic,Benthic,Pelagic,,,,,,,,,,
Maylandia,Pelagic,May_P,1wk,May_P1,7,1853.973,1463.218,1072.42,1162.208,112.018,-89.4275992,23.53715242,-20.45587131,,OUTPUT LINK Plasticity,Maylandia,pvalue t.test,Tropheops,pvalue t.test,Labeotropheus,pvalue t.test,,,Labeotropheus,0.681,0.62,,,,,,,,,,,,
Tropheops,Benthic,Tro_B,1wk,Tro_B1,1,1756.821,1349.305,1081.114,1030.008,138.101,-14.75934782,-40.41315045,14.1673809,,,wk1,0.2808,wk1,0.6681,wk1,0.4606,,,Tropheops,0.587,0.668,,,,,,,,,,,,
Tropheops,Benthic,Tro_B,1wk,Tro_B1,2,1760.251,1353.793,1090.968,1044.048,116.43,-7.234601795,-28.78274017,-7.805136981,,,wk2,0.02144,wk2,0.3232,wk2,0.6259,,,Maylandia,0.761,0.761,,,,,,,,,,,,
Tropheops,Benthic,Tro_B,1wk,Tro_B1,3,1966.758,1517.073,1279.945,1125.296,118.962,41.50704813,-92.60679434,-23.4263594,,,wk4,0.2776,wk4,0.2846,wk4,0.8442,,,,,,,,,,,,,,,,,
Tropheops,Benthic,Tro_B,1wk,Tro_B1,4,2157.213,1654.553,1387.677,1278.757,156.051,19.90433503,-72.94124959,-3.079513294,,,wk8,0.49,wk8,0.04914,wk8,0.1055,,,Fixed link,Slope,,Y-intercept,,,,,,,,,,,
Tropheops,Benthic,Tro_B,1wk,Tro_B1,5,2176.619,1697.175,1441.617,1294.187,162.308,60.66605438,-71.14404791,1.471581172,,,,,,,,,,,,Benthic,Pelagic,Benthic,Pelagic,,,,,,,,,,
Tropheops,Benthic,Tro_B,1wk,Tro_B1,6,1775.153,1364.15,1126.703,1065.805,129.259,18.38070644,-17.49445916,3.713886503,,Slopes (pvalue),,May:Tro,May:Lab,Tro:Lab,,,,,Labeotropheus,0.709,0.717,,,,,,,,,,,,
Tropheops,Benthic,Tro_B,1wk,Tro_B1,7,1724.581,1315.485,1087.443,1023.132,126.396,13.46328139,-24.64041202,5.296473161,,,Pelagic,0.001,1.00E-04,0.2124,,,,,Tropheops,0.815,0.814,,,,,,,,,,,,
Tropheops,Pelagic,Tro_P,1wk,Tro_P1,1,1411.984,1068.234,849.35,808.975,112.178,-12.35047517,-19.19667733,18.5576524,,,Benthic,0.8157,0.9849,0.86,,,,,Maylandia,0.747,0.839,,,,,,,,,,,,
Tropheops,Pelagic,Tro_P,1wk,Tro_P1,2,1916.006,1467.114,1268.55,1118.302,153.31,64.57685798,-63.94729643,15.38305036,,,,Maylandia,Tropheops,Labeotropheus,,,,,,,,,,,,,,,,,,,
Tropheops,Pelagic,Tro_P,1wk,Tro_P1,3,1979.208,1547.966,1281.569,1155.358,129.259,34.67646738,-71.2909728,-14.22379019,,,Ben:Pel,0.0078,N/S,0.0616,,,,,,,,,,,,,,,,,,,
Tropheops,Pelagic,Tro_P,1wk,Tro_P1,4,1873.437,1437.238,1174.615,1076.602,134.937,-0.450266659,-75.74239115,0.752124598,,,,,,,,,,,,,,,,,,,,,,,,,
Tropheops,Pelagic,Tro_P,1wk,Tro_P1,5,1461.709,1089.229,869.742,863.567,98.955,-25.72586699,0.463296663,0.963522199,,INPUT LINK,,,,,,,,,,,,,,,,,,,,,,,
Tropheops,Pelagic,Tro_P,1wk,Tro_P1,6,1953.755,1500.946,1245.961,1145.469,144.014,16.35316167,-63.29913101,2.768683461,,Slopes (pvalue),,May:Tro,May:Lab,Tro:Lab,,,,,,,,,,,,,,,,,,,
Tropheops,Pelagic,Tro_P,1wk,Tro_P1,7,1776.119,1347.746,1118.377,1048.122,119.883,9.398712466,-35.8560783,-5.747030777,,,Pelagic,0.0954,0.625,0.017,,,,,,,,,,,,,,,,,,,
Tropheops,Pelagic,Tro_P,1wk,Tro_P1,8,1868.572,1421.488,1160.669,1086.471,136.821,-11.09252888,-62.45570777,3.063787714,,,Benthic,0.0013,0.093,0.1301,,,,,,,,,,,,,,,,,,,
Tropheops,Pelagic,Tro_P,1wk,Tro_P1,9,1870.027,1458.64,1200.666,1092.264,122.784,27.91640566,-57.68485151,-11.10111564,,,,Maylandia,Tropheops,Labeotropheus,,,,,,,,,,,,,,,,,,,
Maylandia,Benthic,May_B,2wk,May_B2,8,2158.068,1723.537,1394.648,1421.724,175.111,26.29471925,69.42510924,15.905327,,,Ben:Pel,N/S,N/S,N/S,,,,,,,,,,,,,,,,,,,
Maylandia,Benthic,May_B,2wk,May_B2,9,1915.763,1556.72,1221.835,1259.354,141.718,18.0268751,77.27541211,3.812411537,,,,,,,,,,,,,,,,,,,,,,,,,
Maylandia,Benthic,May_B,2wk,May_B2,10,1742.341,1397.804,1078.762,1122.062,122.147,-7.278228995,61.81311173,-0.513738953,,Fixed LINK,,,,,,,,,,,,,,,,,,,,,,,
Maylandia,Benthic,May_B,2wk,May_B2,11,2411.099,1923.305,1479.032,1524.651,200.01,-61.15027863,-5.403254691,18.56136177,,Slopes (pvalue),,May:Tro,May:Lab,Tro:Lab,,,,,,,,,,,,,,,,,,,
Maylandia,Benthic,May_B,2wk,May_B2,12,2240.273,1783.795,1340.521,1445.061,199.65,-83.65628165,35.01274378,33.21800708,,,Pelagic,0.695,0.0031,0.0184,,,,,,,,,,,,,,,,,,,
Maylandia,Benthic,May_B,2wk,May_B2,13,1764.763,1402.994,1089.058,1100.685,150.851,-12.20862335,24.68456045,26.21923075,,,Benthic,0.0891,0.4209,0.0008,,,,,,,,,,,,,,,,,,,
Maylandia,Pelagic,May_P,2wk,May_P2,8,1554.169,1212.221,884.382,976.592,97.098,-73.87386191,48.53474967,-9.021274653,,,,Maylandia,Tropheops,Labeotropheus,,,,,,,,,,,,,,,,,,,
Maylandia,Pelagic,May_P,2wk,May_P2,9,2067.694,1710.104,1331.521,1414.816,158.202,24.53914747,126.0052323,6.940751755,,,Ben:Pel,0.0124,0.954,0.8533,,,,,,,,,,,,,,,,,,,
Maylandia,Pelagic,May_P,2wk,May_P2,10,1861.236,1519.31,1124.856,1233.288,94.34,-41.92377752,89.51486373,-38.77233323,,,,,,,,,,,,,,,,,,,,,,,,,
Maylandia,Pelagic,May_P,2wk,May_P2,11,1988.772,1595.657,1207.107,1263.652,134,-46.28028044,30.28427614,-10.32352401,,,,,,,,,,,,,,,,,,,,,,,,,
Maylandia,Pelagic,May_P,2wk,May_P2,12,1930.303,1552.899,1212.345,1230.787,138.058,-1.336988694,38.49399968,-1.125742975,,,,,,,,,,,,,,,,,,,,,,,,,
Maylandia,Pelagic,May_P,2wk,May_P2,13,2021.864,1678.03,1249.643,1333.37,153.375,-26.21648819,76.75500405,6.142487746,,,,,,,,,,,,,,,,,,,,,,,,,
Tropheops,Benthic,Tro_B,2wk,Tro_B2,8,1481.173,1115.104,923.569,874.057,108.296,14.88346556,-2.720246908,8.593518112,,,,,,,,,,,,,,,,,,,,,,,,,
Tropheops,Benthic,Tro_B,2wk,Tro_B2,9,2137.652,1654.323,1416.193,1280.006,140.357,61.70387352,-57.9505631,-17.05398232,,,,,,,,,,,,,,,,,,,,,,,,,
Tropheops,Benthic,Tro_B,2wk,Tro_B2,10,1955.057,1478.438,1279.026,1170.015,148.486,48.53399588,-39.6677916,7.126229735,,,,,,,,,,,,,,,,,,,,,,,,,
Tropheops,Benthic,Tro_B,2wk,Tro_B2,11,1931.082,1460.564,1242.204,1118.458,150.12,27.99300581,-74.38225116,10.86777818,,,,,,,,,,,,,,,,,,,,,,,,,
Tropheops,Benthic,Tro_B,2wk,Tro_B2,12,2197.651,1691.112,1460.144,1250.577,186.269,64.9105851,-129.5291182,23.58374034,,,,,,,,,,,,,,,,,,,,,,,,,
Tropheops,Benthic,Tro_B,2wk,Tro_B2,13,1851.025,1410.028,1198.853,1109.315,134.729,39.00733687,-27.28486493,2.514275831,,,,,,,,,,,,,,,,,,,,,,,,,
Tropheops,Benthic,Tro_B,2wk,Tro_B2,14,1826.421,1383.59,1171.56,1046.323,135.484,28.42248988,-72.99244928,5.432117208,,,,,,,,,,,,,,,,,,,,,,,,,
Tropheops,Pelagic,Tro_P,2wk,Tro_P2,10,1624.351,1248.618,1023.299,952.019,100.18,17.3837496,-25.34140667,-12.10869969,,,,,,,,,,,,,,,,,,,,,,,,,
Tropheops,Pelagic,Tro_P,2wk,Tro_P2,11,1865.221,1444.936,1237.304,1100.656,130.015,67.81807756,-45.91661588,-3.447638987,,,,,,,,,,,,,,,,,,,,,,,,,
Tropheops,Pelagic,Tro_P,2wk,Tro_P2,12,2015.232,1542.064,1330.06,1145.7,158.24,58.70418889,-106.2559875,11.59048092,,,,,,,,,,,,,,,,,,,,,,,,,
Tropheops,Pelagic,Tro_P,2wk,Tro_P2,13,2146.554,1689.025,1464.374,1278.565,140,103.8396785,-65.64525633,-18.19352231,,,,,,,,,,,,,,,,,,,,,,,,,
Tropheops,Pelagic,Tro_P,2wk,Tro_P2,14,1775.285,1374.33,1145.008,1061.49,140.186,36.59606751,-21.90218972,14.6292829,,,,,,,,,,,,,,,,,,,,,,,,,
Tropheops,Pelagic,Tro_P,2wk,Tro_P2,15,1776.563,1338.208,1116.487,982.073,140.428,7.207199707,-102.2169902,14.75893892,,,,,,,,,,,,,,,,,,,,,,,,,
Tropheops,Pelagic,Tro_P,2wk,Tro_P2,16,1912.361,1431.899,1242.702,1066.433,129.12,41.20411476,-113.2556683,-8.486531953,,,,,,,,,,,,,,,,,,,,,,,,,
Tropheops,Pelagic,Tro_P,2wk,Tro_P2,17,1650.761,1272.993,1060.002,998.513,109.836,36.15217307,2.599454939,-4.774299458,,,,,,,,,,,,,,,,,,,,,,,,,
Maylandia,Benthic,May_B,4wk,May_B4,14,1994.049,1647.116,1259.074,1300.006,142.338,2.103199665,62.93116098,-2.44940443,,,,,,,,,,,,,,,,,,,,,,,,,
Maylandia,Benthic,May_B,4wk,May_B4,15,1511.693,1234.058,945.016,992.502,150.546,15.60485875,94.28432205,48.16062432,,,,,,,,,,,,,,,,,,,,,,,,,
Maylandia,Benthic,May_B,4wk,May_B4,16,2076.784,1687.319,1343.503,1314.085,150,30.34828489,18.88846824,-2.060314581,,,,,,,,,,,,,,,,,,,,,,,,,
Maylandia,Benthic,May_B,4wk,May_B4,17,1828.438,1463.421,1148.651,1240.537,126.649,4.143779886,119.8045996,-3.58018937,,,,,,,,,,,,,,,,,,,,,,,,,
Maylandia,Benthic,May_B,4wk,May_B4,18,2124.626,1735.6,1464.199,1512.826,192.26,118.555606,184.0202578,35.99408238,,,,,,,,,,,,,,,,,,,,,,,,,
Maylandia,Benthic,May_B,4wk,May_B4,19,1731.101,1364.734,1018.725,1078.97,136.059,-59.68233842,26.61725999,14.38632547,,,,,,,,,,,,,,,,,,,,,,,,,
Maylandia,Benthic,May_B,4wk,May_B4,20,2035.369,1679.498,1315.587,1316.761,150.333,30.55649871,50.65868356,1.913316034,,,,,,,,,,,,,,,,,,,,,,,,,
Maylandia,Pelagic,May_P,4wk,May_P4,14,2386.684,1934.19,1512.118,1629.588,198.917,-11.48447227,116.6853876,19.6145889,,,,,,,,,,,,,,,,,,,,,,,,,
Maylandia,Pelagic,May_P,4wk,May_P4,15,2243.202,1861.437,1384.204,1559.736,160.312,-41.96231514,147.6301087,-6.377469853,,,,,,,,,,,,,,,,,,,,,,,,,
Maylandia,Pelagic,May_P,4wk,May_P4,16,2132.934,1710.15,1229.328,1473.452,166.108,-121.9572139,138.8098522,9.111758605,,,,,,,,,,,,,,,,,,,,,,,,,
Maylandia,Pelagic,May_P,4wk,May_P4,17,1895.7,1494.376,1086.965,1219.167,117.644,-103.2186869,51.18275576,-18.49792863,,,,,,,,,,,,,,,,,,,,,,,,,
Maylandia,Pelagic,May_P,4wk,May_P4,18,2205.83,1793.243,1355.383,1502.819,164.012,-45.40463305,116.9670992,0.60775645,,,,,,,,,,,,,,,,,,,,,,,,,
Maylandia,Pelagic,May_P,4wk,May_P4,19,2033.131,1670.174,1301.648,1352.645,156.78,18.137286,88.11488817,8.557049858,,,,,,,,,,,,,,,,,,,,,,,,,
Tropheops,Benthic,Tro_B,4wk,Tro_B4,15,2232.796,1718.4,1473.879,1379.88,151.908,54.77922039,-24.91563162,-13.86671911,,,,,,,,,,,,,,,,,,,,,,,,,
Tropheops,Benthic,Tro_B,4wk,Tro_B4,16,1949.376,1492.977,1314.067,1198.521,153.883,87.43286522,-7.170864711,13.02262422,,,,,,,,,,,,,,,,,,,,,,,,,
Tropheops,Benthic,Tro_B,4wk,Tro_B4,17,1608.951,1187.053,986.586,931.442,120.15,-8.871375406,-35.09984054,9.215054061,,,,,,,,,,,,,,,,,,,,,,,,,
Tropheops,Benthic,Tro_B,4wk,Tro_B4,18,1642.011,1252.347,1010.228,1010.958,112.641,-7.6798525,21.19136751,-1.200121192,,,,,,,,,,,,,,,,,,,,,,,,,
Tropheops,Benthic,Tro_B,4wk,Tro_B4,19,2168.103,1683.046,1483.361,1274.904,146.055,108.1931234,-84.44452135,-14.03281059,,,,,,,,,,,,,,,,,,,,,,,,,
Tropheops,Benthic,Tro_B,4wk,Tro_B4,20,2116.119,1663.265,1434.078,1262.99,148.661,94.21156328,-59.83953815,-6.857100533,,,,,,,,,,,,,,,,,,,,,,,,,
Tropheops,Benthic,Tro_B,4wk,Tro_B4,21,1820.95,1390.621,1146.857,1110.65,172.244,7.43475183,-4.822048294,42.67305141,,,,,,,,,,,,,,,,,,,,,,,,,
Tropheops,Pelagic,Tro_P,4wk,Tro_P4,18,2342.868,1852.991,1554.024,1426.498,156.895,60.17621934,-55.62368423,-18.55571797,,,,,,,,,,,,,,,,,,,,,,,,,
Tropheops,Pelagic,Tro_P,4wk,Tro_P4,19,1941.778,1487.188,1252.149,1178.083,120.15,30.67453627,-22.27123709,-20.04246533,,,,,,,,,,,,,,,,,,,,,,,,,
Tropheops,Pelagic,Tro_P,4wk,Tro_P4,21,2138.878,1672.872,1437.567,1294.348,148.122,82.24531802,-44.46983337,-9.396755179,,,,,,,,,,,,,,,,,,,,,,,,,
Tropheops,Pelagic,Tro_P,4wk,Tro_P4,22,1868.121,1413.315,1166.454,1132.064,130.614,-5.001262538,-16.54587833,-3.103566641,,,,,,,,,,,,,,,,,,,,,,,,,
Tropheops,Pelagic,Tro_P,4wk,Tro_P4,23,1807.466,1379.498,1134.03,1095.644,124.788,3.764504194,-10.3554804,-3.597622903,,,,,,,,,,,,,,,,,,,,,,,,,
Tropheops,Pelagic,Tro_P,4wk,Tro_P4,24,2174.001,1669.242,1450.418,1239.092,176.182,71.24489313,-124.3998917,15.57571931,,,,,,,,,,,,,,,,,,,,,,,,,
Tropheops,Pelagic,Tro_P,4wk,Tro_P4,25,2039.665,1584.516,1306.147,1250.333,147.105,18.19915904,-18.78727488,-1.692328518,,,,,,,,,,,,,,,,,,,,,,,,,
Maylandia,Benthic,May_B,8wk,May_B8,21,2273.856,1802.028,1358.823,1453.323,167.726,-88.15991904,19.68254208,-1.65814306,,,,,,,,,,,,,,,,,,,,,,,,,
Maylandia,Benthic,May_B,8wk,May_B8,22,1936.84,1564.376,1223.143,1234.933,178.213,5.021847097,38.04772911,38.45461493,,,,,,,,,,,,,,,,,,,,,,,,,
Maylandia,Benthic,May_B,8wk,May_B8,23,2130.805,1676.66,1270.598,1358.426,161.245,-79.2414466,25.2794838,4.435910666,,,,,,,,,,,,,,,,,,,,,,,,,
Maylandia,Benthic,May_B,8wk,May_B8,24,2484.971,1979.198,1472.527,1581.378,179.922,-117.8204826,-0.571651872,-8.020436726,,,,,,,,,,,,,,,,,,,,,,,,,
Maylandia,Benthic,May_B,8wk,May_B8,25,2422.618,1872.496,1447.902,1518.005,218.66,-100.1026333,-20.14140165,36.19877155,,,,,,,,,,,,,,,,,,,,,,,,,
Maylandia,Benthic,May_B,8wk,May_B8,26,2393.947,1838.48,1505.58,1576.001,188.383,-22.95465058,57.99609895,8.442126984,,,,,,,,,,,,,,,,,,,,,,,,,
Maylandia,Pelagic,May_P,8wk,May_P8,20,2461.221,1978.974,1516.154,1678.786,198.595,-58.06526631,113.5208251,12.74033285,,,,,,,,,,,,,,,,,,,,,,,,,
Maylandia,Pelagic,May_P,8wk,May_P8,21,2390.021,1922.253,1431.084,1614.519,198.927,-94.78457154,99.27213081,19.33124628,,,,,,,,,,,,,,,,,,,,,,,,,
Maylandia,Pelagic,May_P,8wk,May_P8,22,2485.368,2039.656,1521.748,1727.32,222.315,-68.86907849,145.0914539,34.33766456,,,,,,,,,,,,,,,,,,,,,,,,,
Maylandia,Pelagic,May_P,8wk,May_P8,23,2352.219,1942.037,1500.125,1594.553,177.629,-0.072883849,105.8621981,1.356272204,,,,,,,,,,,,,,,,,,,,,,,,,
Maylandia,Pelagic,May_P,8wk,May_P8,24,2099.31,1636.627,1278.055,1324.799,133.881,-50.39673408,13.77785652,-20.15948711,,,,,,,,,,,,,,,,,,,,,,,,,
Maylandia,Pelagic,May_P,8wk,May_P8,25,1924.886,1535.463,1112.18,1202.027,116.619,-97.82339721,13.53946544,-22.0885557,,,,,,,,,,,,,,,,,,,,,,,,,
Tropheops,Benthic,Tro_B,8wk,Tro_B8,23,2168.944,1648.579,1386.11,1258.025,168.107,10.37101481,-101.9143275,7.945260394,,,,,,,,,,,,,,,,,,,,,,,,,
Tropheops,Benthic,Tro_B,8wk,Tro_B8,24,2572.206,1998.144,1743.085,1555.857,204.01,93.49773005,-87.37561393,8.399075729,,,,,,,,,,,,,,,,,,,,,,,,,
Tropheops,Benthic,Tro_B,8wk,Tro_B8,25,1967.786,1501.494,1226.696,1136,124.579,-12.44004898,-82.62496876,-17.89972685,,,,,,,,,,,,,,,,,,,,,,,,,
Tropheops,Benthic,Tro_B,8wk,Tro_B8,26,2170.836,1696.011,1459.449,1336.534,155.048,82.42519016,-24.73446558,-5.280057924,,,,,,,,,,,,,,,,,,,,,,,,,
Tropheops,Benthic,Tro_B,8wk,Tro_B8,27,2313.889,1808.25,1578.336,1397.166,152,104.1673596,-64.5978123,-20.90328746,,,,,,,,,,,,,,,,,,,,,,,,,
Tropheops,Benthic,Tro_B,8wk,Tro_B8,28,2093.909,1607.184,1342.632,1246.079,160.312,17.84799208,-61.14791779,6.746293671,,,,,,,,,,,,,,,,,,,,,,,,,
Tropheops,Benthic,Tro_B,8wk,Tro_B8,29,2458.866,1889.084,1554.947,1452.79,158.858,-17.67302634,-110.8207773,-26.78964831,,,,,,,,,,,,,,,,,,,,,,,,,
Tropheops,Pelagic,Tro_P,8wk,Tro_P8,26,1855.586,1449.89,1173.566,1159.258,84.095,10.62304026,19.45401299,-48.52066383,,,,,,,,,,,,,,,,,,,,,,,,,
Tropheops,Pelagic,Tro_P,8wk,Tro_P8,27,2302.365,1774.389,1535.878,1392.465,144.361,69.53510965,-61.20315282,-27.52925771,,,,,,,,,,,,,,,,,,,,,,,,,
Tropheops,Pelagic,Tro_P,8wk,Tro_P8,28,2403.581,1882.747,1620.232,1449.084,159.524,85.1550658,-75.68882741,-21.26376026,,,,,,,,,,,,,,,,,,,,,,,,,
Tropheops,Pelagic,Tro_P,8wk,Tro_P8,29,2449.001,1851.867,1568.135,1476.439,181.108,2.214125402,-80.24157243,-3.672454758,,,,,,,,,,,,,,,,,,,,,,,,,
Tropheops,Pelagic,Tro_P,8wk,Tro_P8,30,1940.709,1452.899,1137.726,1140.028,124,-83.02252422,-59.57526,-16.09849372,,,,,,,,,,,,,,,,,,,,,,,,,
Tropheops,Pelagic,Tro_P,8wk,Tro_P8,31,1825.886,1359.965,1122.05,1006.038,114.438,-20.72420083,-112.9016095,-15.56685303,,,,,,,,,,,,,,,,,,,,,,,,,
Tropheops,Pelagic,Tro_P,8wk,Tro_P8,32,2101.019,1650.042,1358.429,1272.509,115.117,28.81671343,-39.71272331,-39.07371861,,,,,,,,,,,,,,,,,,,,,,,,,
Labeotropheus,Benthic,Labeo_B,1wk,Labeo_B1,1,1938.683,1379.335,1203.673,1105.629,141.223,15.6286806,-14.75483086,24.58604021,,,,,,,,,,,,,,,,,,,,,,,,,
Labeotropheus,Benthic,Labeo_B,1wk,Labeo_B1,2,1419.241,1013.49,861.664,834.135,67.417,21.97756111,29.76054393,-14.66268685,,,,,,,,,,,,,,,,,,,,,,,,,
Labeotropheus,Benthic,Labeo_B,1wk,Labeo_B1,3,1608.663,1175.621,987.77,897.396,100.802,21.04984716,-22.21582192,6.120506297,,,,,,,,,,,,,,,,,,,,,,,,,
Labeotropheus,Benthic,Labeo_B,1wk,Labeo_B1,4,1808.206,1292.095,1116.105,1042.106,121.565,15.56359946,1.099568725,13.60837276,,,,,,,,,,,,,,,,,,,,,,,,,
Labeotropheus,Benthic,Labeo_B,1wk,Labeo_B1,5,1840.096,1340.852,1100.816,1038.108,95.859,-21.11206702,-22.29913234,-14.21919507,,,,,,,,,,,,,,,,,,,,,,,,,
Labeotropheus,Benthic,Labeo_B,1wk,Labeo_B1,6,1577.281,1157.114,945.309,900.845,90,-0.36517079,0.324830665,-2.593721941,,,,,,,,,,,,,,,,,,,,,,,,,
Labeotropheus,Pelagic,Labeo_P,1wk,Labeo_P1,1,1872.473,1364.027,1136.604,1041.004,114.983,-7.037334523,-39.10010626,2.750838128,,,,,,,,,,,,,,,,,,,,,,,,,
Labeotropheus,Pelagic,Labeo_P,1wk,Labeo_P1,2,1738.398,1258.732,1027.845,983.021,98.955,-25.88045781,-15.51681604,-4.357462714,,,,,,,,,,,,,,,,,,,,,,,,,
Labeotropheus,Pelagic,Labeo_P,1wk,Labeo_P1,3,1740.15,1247.427,1028.514,993.018,83.678,-26.38641673,-6.585668289,-19.75101922,,,,,,,,,,,,,,,,,,,,,,,,,
Labeotropheus,Pelagic,Labeo_P,1wk,Labeo_P1,4,1569.215,1088.256,866.673,879.184,63.64,-73.59179946,-16.42911211,-28.41710965,,,,,,,,,,,,,,,,,,,,,,,,,
Labeotropheus,Pelagic,Labeo_P,1wk,Labeo_P1,5,1558.39,1123.575,963.374,933.482,94.202,30.36886391,44.45441906,2.865052527,,,,,,,,,,,,,,,,,,,,,,,,,
Labeotropheus,Pelagic,Labeo_P,1wk,Labeo_P1,6,1705.639,1210.752,1024.688,928.402,118.072,-7.06800635,-50.20644739,16.93891767,,,,,,,,,,,,,,,,,,,,,,,,,
Labeotropheus,Benthic,Labeo_B,2wk,Labeo_B2,7,1858.475,1258.002,1082.164,1072.214,103.097,-52.08973473,0.625761205,-8.203907359,,,,,,,,,,,,,,,,,,,,,,,,,
Labeotropheus,Benthic,Labeo_B,2wk,Labeo_B2,8,1965.68,1417.099,1219.639,1176.187,117.614,13.48944903,39.379189,-0.819007663,,,,,,,,,,,,,,,,,,,,,,,,,
Labeotropheus,Benthic,Labeo_B,2wk,Labeo_B2,9,1640.111,1153.753,985.334,969.116,105.683,-2.476397034,30.37237353,8.909343708,,,,,,,,,,,,,,,,,,,,,,,,,
Labeotropheus,Benthic,Labeo_B,2wk,Labeo_B2,10,2045.754,1494.59,1231.309,1173.188,102.176,-28.54127006,-12.3338824,-21.58414539,,,,,,,,,,,,,,,,,,,,,,,,,
Labeotropheus,Benthic,Labeo_B,2wk,Labeo_B2,11,1898.981,1401.157,1169.05,1143.252,136.821,7.6313762,47.02140318,22.8253223,,,,,,,,,,,,,,,,,,,,,,,,,
Labeotropheus,Benthic,Labeo_B,2wk,Labeo_B2,12,1542.236,1100.869,916.965,917.166,91.093,-5.206639377,37.96591749,0.830740725,,,,,,,,,,,,,,,,,,,,,,,,,
Labeotropheus,Pelagic,Labeo_P,2wk,Labeo_P2,7,1899.256,1345.727,1175.579,1128.144,144.779,13.97595057,31.74610332,30.76502718,,,,,,,,,,,,,,,,,,,,,,,,,
Labeotropheus,Pelagic,Labeo_P,2wk,Labeo_P2,8,1831.91,1347.174,1089.975,1035.626,106.066,-26.46321905,-19.80107154,-3.467599448,,,,,,,,,,,,,,,,,,,,,,,,,
Labeotropheus,Pelagic,Labeo_P,2wk,Labeo_P2,9,1610.919,1149.881,970.758,893.904,90.25,2.524886374,-27.0802892,-4.581580157,,,,,,,,,,,,,,,,,,,,,,,,,
Labeotropheus,Pelagic,Labeo_P,2wk,Labeo_P2,11,1579.927,1111.969,914.705,888.856,91.241,-32.74368065,-13.27389825,-1.528754191,,,,,,,,,,,,,,,,,,,,,,,,,
Labeotropheus,Pelagic,Labeo_P,2wk,Labeo_P2,12,1770.003,1237.237,1054.337,999.162,108.665,-20.58399228,-18.6031336,3.24992985,,,,,,,,,,,,,,,,,,,,,,,,,
Labeotropheus,Benthic,Labeo_B,4wk,Labeo_B4,13,1978.338,1411.675,1246.069,1109.339,121.824,31.43050502,-35.16947184,2.54888492,,,,,,,,,,,,,,,,,,,,,,,,,
Labeotropheus,Benthic,Labeo_B,4wk,Labeo_B4,14,2112.52,1458.784,1322.075,1248.09,161.805,17.44886998,21.95014308,33.6030673,,,,,,,,,,,,,,,,,,,,,,,,,
Labeotropheus,Benthic,Labeo_B,4wk,Labeo_B4,15,2419.15,1702.751,1528.398,1357.462,136.528,18.13394139,-55.22025163,-12.07331627,,,,,,,,,,,,,,,,,,,,,,,,,
Labeotropheus,Benthic,Labeo_B,4wk,Labeo_B4,16,1682.658,1156.682,1008.464,895.815,90,-7.880059584,-68.81265369,-9.604209639,,,,,,,,,,,,,,,,,,,,,,,,,
Labeotropheus,Benthic,Labeo_B,4wk,Labeo_B4,17,2072.409,1436.045,1273.941,1182.643,137.641,-3.785143217,-19.09480234,12.10755921,,,,,,,,,,,,,,,,,,,,,,,,,
Labeotropheus,Pelagic,Labeo_P,4wk,Labeo_P4,13,1472.416,1056.907,911.131,855.084,79.202,35.78335102,18.35983308,-6.415296416,,,,,,,,,,,,,,,,,,,,,,,,,
Labeotropheus,Pelagic,Labeo_P,4wk,Labeo_P4,14,1593.088,1127.497,1002.557,915.02,132.85,46.2820441,4.883434248,39.20467497,,,,,,,,,,,,,,,,,,,,,,,,,
Labeotropheus,Pelagic,Labeo_P,4wk,Labeo_P4,15,1789.751,1325.586,1125.88,1048.894,114.237,37.7152357,19.11491078,7.508141158,,,,,,,,,,,,,,,,,,,,,,,,,
Labeotropheus,Pelagic,Labeo_P,4wk,Labeo_P4,16,2227.79,1570.362,1382.502,1323.218,129.139,0.571353043,26.95212202,-6.73157877,,,,,,,,,,,,,,,,,,,,,,,,,
Labeotropheus,Pelagic,Labeo_P,4wk,Labeo_P4,17,1636.274,1190.214,1016.996,973.337,101.514,31.75884346,36.92766297,4.99561043,,,,,,,,,,,,,,,,,,,,,,,,,
Labeotropheus,Benthic,Labeo_B,8wk,Labeo_B8,18,2478.545,1793.058,1551.928,1456.352,165.747,1.831358905,7.536018687,13.19427197,,,,,,,,,,,,,,,,,,,,,,,,,
Labeotropheus,Benthic,Labeo_B,8wk,Labeo_B8,19,2592.514,1875.266,1583.193,1598.885,126.57,-43.33565715,80.73447809,-33.56482159,,,,,,,,,,,,,,,,,,,,,,,,,
Labeotropheus,Benthic,Labeo_B,8wk,Labeo_B8,20,2496.503,1821.542,1637.486,1483.401,185.084,75.34603007,23.66003312,31.33656783,,,,,,,,,,,,,,,,,,,,,,,,,
Labeotropheus,Benthic,Labeo_B,8wk,Labeo_B8,21,1986.775,1402.13,1260.586,1176.861,108.167,40.28932675,27.21976821,-11.66940915,,,,,,,,,,,,,,,,,,,,,,,,,
Labeotropheus,Benthic,Labeo_B,8wk,Labeo_B8,22,2501.615,1716.914,1590.678,1408.659,186.29,25.1097253,-54.19191934,32.20247831,,,,,,,,,,,,,,,,,,,,,,,,,
Labeotropheus,Pelagic,Labeo_P,8wk,Labeo_P8,18,2232.244,1657.643,1414.171,1329.274,79.429,29.25332851,30.29847252,-56.73789307,,,,,,,,,,,,,,,,,,,,,,,,,
Labeotropheus,Pelagic,Labeo_P,8wk,Labeo_P8,20,1944.593,1417.947,1183.252,1148.859,102.616,-8.755793805,24.87974288,-14.4141384,,,,,,,,,,,,,,,,,,,,,,,,,
Labeotropheus,Pelagic,Labeo_P,8wk,Labeo_P8,21,2179.96,1472.416,1187.655,1197.034,131.795,-162.1990004,-70.1338682,-0.893559671,,,,,,,,,,,,,,,,,,,,,,,,,
Labeotropheus,Pelagic,Labeo_P,8wk,Labeo_P8,22,2047.269,1481.566,1283.204,1182,90,22.33771239,-4.443552584,-33.86093483,,,,,,,,,,,,,,,,,,,,,,,,,
,,,,,,,,,,,,,,,,,,,,,,,,,,,,,,,,,,,,,,
,,,,,,,,,,,,,,,,,,,,,,,,,,,,,,,,,,,,,,
Slopes,Coupler Link,,Output Link,,Input Link,,Fixed Link,,,,,,,,,,,,,,,,,,,,,,,,,,,,,,,
,Benthic,Pelagic,Benthic,Pelagic,Benthic,Pelagic,Benthic,Pelagic,,,,,,,,,,,,,,,,,,,,,,,,,,,,,,
Labeotropheus,0.6074,0.603,0.0756,0.0315,0.681,0.62,0.709,0.717,,,,,,,,,,,,,,,,,,,,,,,,,,,,,,
Tropheops,0.6092,0.6369,0.0668,0.0657,0.587,0.668,0.815,0.814,,,,,,,,,,,,,,,,,,,,,,,,,,,,,,
Maylandia,0.6289,0.7814,0.0786,0.1326,0.761,0.761,0.747,0.839,,,,,,,,,,,,,,,,,,,,,,,,,,,,,,
,,,,,,,,,,,,,,,,,,,,,,,,,,,,,,,,,,,,,,
,,,,,,,,,,,,,,,,,,,,,,,,,,,,,,,,,,,,,,
Interactions,Coupler Link,,Output Link,,Input Link,,Fixed Link,,,,,,,,,,,,,,,,,,,,,,,,,,,,,,,
,Benthic,Pelagic,Benthic,Pelagic,Benthic,Pelagic,Benthic,Pelagic,,,,,,,,,,,,,,,,,,,,,,,,,,,,,,
Labeo:Troph,0.9987,0.7669,0.86,0.2124,0.1301,0.017,0.0008,0.0184,,,,,,,,,,,,,,,,,,,,,,,,,,,,,,
Labeo:May,0.8475,0.002,0.9849,1.00E-04,0.093,0.625,0.4209,0.0031,,,,,,,,,,,,,,,,,,,,,,,,,,,,,,
May:Troph,0.8837,0.0036,0.8157,0.001,0.0013,0.0954,0.0891,0.695,,,,,,,,,,,,,,,,,,,,,,,,,,,,,,